alpha centauri,
antimatter,
antineutron,
antiquark,
asteroid,
atmosphere,
aurora,
big bang theory,
big dipper,
binary star,
black hole,
blue moon,
brown dwarf,
celestial object,
chromosphere,
cluster,
comet,
constellation,
cosmic dust,
cosmic ray,
dark matter,
deimos,
draco,
dwarf,
earth,
electromagnetic radiation,
electromagnetic spectrum,
electron,
exoplanet,
falling star,
fission,
flare star,
fusion,
galaxy,
gamma radiation,
gas giant,
gravity,
infrared,
ionosphere,
jupiter,
kuiper belt,
light,
light year,
lodestar,
lunary eclipse,
magellanic cloud,
magnetosphere,
mars,
mercury,
meteor,
microwave,
milky way,
moon,
muon,
nebula,
neptune,
neutrino,
neutron,
neutron star,
north star,
nova,
nucleus,
oort cloud,
orb,
orbit,
particle,
phobos,
photon,
photosphere,
planet,
plasma,
pluto,
proton,
pulsar,
pulsar,
quark,
quasar,
radiation,
radio,
red giant,
satellite,
saturn,
shooting star,
singularity,
sirius,
solar eclipse,
solar system,
star,
string theory,
sun,
sunspot,
supergiant,
supernova,
telescope,
titan,
uranus,
variable star,
vega,
venus,
white dwarf,
world,
x-ray,
zodiac,